video t (ms),A002C001_140325E3,20140325_121238,Take5_Nexus5,20140325_121245,20140325_131253,IMG_0367,VID_20140325_131247,VID_20140325_131249
537.843174,4.512900125007343,9.025800250014687,4.512900125007343,9.025800250014687,4.512900125007343,4.512900125007343,9.025800250014687,4.512900125007343
538.341096,2.1251817030355737,4.2503634060711475,2.1251817030355737,4.2503634060711475,2.1251817030355737,2.1251817030355737,4.2503634060711475,2.1251817030355737
538.840947,1.3879761018274295,2.775952203654859,1.3879761018274295,2.775952203654859,1.3879761018274295,1.3879761018274295,2.775952203654859,1.3879761018274295
539.340974,1.030410505241192,2.060821010482384,1.030410505241192,2.060821010482384,1.030410505241192,1.030410505241192,2.060821010482384,1.030410505241192
539.841703,0.8191004393244955,1.638200878648991,0.8191004393244955,1.638200878648991,0.8191004393244955,0.8191004393244955,1.638200878648991,0.8191004393244955
540.341483,0.6799291377852457,1.3598582755704913,0.6799291377852457,1.3598582755704913,0.6799291377852457,0.6799291377852457,1.3598582755704913,0.6799291377852457
540.842264,0.5810129612371354,1.1620259224742708,0.5810129612371354,1.1620259224742708,0.5810129612371354,0.5810129612371354,1.1620259224742708,0.5810129612371354
541.342133,0.5073395545000622,1.0146791090001244,0.5073395545000622,1.0146791090001244,0.5073395545000622,0.5073395545000622,1.0146791090001244,0.5073395545000622
541.841121,0.45033675056364597,0.9006735011272919,0.45033675056364597,0.9006735011272919,0.45033675056364597,0.45033675056364597,0.9006735011272919,0.45033675056364597
542.341795,0.4047112435865858,0.8094224871731716,0.4047112435865858,0.8094224871731716,0.4047112435865858,0.4047112435865858,0.8094224871731716,0.4047112435865858
542.841338,0.367556656101865,0.73511331220373,0.367556656101865,0.73511331220373,0.367556656101865,0.367556656101865,0.73511331220373,0.367556656101865
543.341493,0.3366157294134635,0.673231458826927,0.3366157294134635,0.673231458826927,0.3366157294134635,0.3366157294134635,0.673231458826927,0.3366157294134635
543.840669,0.3105267480753906,0.6210534961507812,0.3105267480753906,0.6210534961507812,0.3105267480753906,0.3105267480753906,0.6210534961507812,0.3105267480753906
544.341598,0.28811809615019485,0.5762361923003897,0.28811809615019485,0.5762361923003897,0.28811809615019485,0.28811809615019485,0.5762361923003897,0.28811809615019485
544.841248,0.26877211994547245,0.5375442398909449,0.26877211994547245,0.5375442398909449,0.26877211994547245,0.26877211994547245,0.5375442398909449,0.26877211994547245
545.342115,0.25182209021148466,0.5036441804229693,0.25182209021148466,0.5036441804229693,0.25182209021148466,0.25182209021148466,0.5036441804229693,0.25182209021148466
545.84069,0.2369474533480078,0.4738949066960156,0.2369474533480078,0.4738949066960156,0.2369474533480078,0.2369474533480078,0.4738949066960156,0.2369474533480078
546.352425,0.22340315612808664,0.4468063122561733,0.22340315612808664,0.4468063122561733,0.22340315612808664,0.22340315612808664,0.4468063122561733,0.22340315612808664
546.841292,0.21183541405138248,0.42367082810276496,0.21183541405138248,0.42367082810276496,0.21183541405138248,0.21183541405138248,0.42367082810276496,0.21183541405138248
547.341937,0.20116804200227675,0.4023360840045535,0.20116804200227675,0.4023360840045535,0.20116804200227675,0.20116804200227675,0.4023360840045535,0.20116804200227675
547.84147,0.19154391096272877,0.38308782192545754,0.19154391096272877,0.38308782192545754,0.19154391096272877,0.19154391096272877,0.38308782192545754,0.19154391096272877
548.341516,0.1827900265374564,0.3655800530749128,0.1827900265374564,0.3655800530749128,0.1827900265374564,0.1827900265374564,0.3655800530749128,0.1827900265374564
548.841121,0.17480804547036854,0.3496160909407371,0.17480804547036854,0.3496160909407371,0.17480804547036854,0.17480804547036854,0.3496160909407371,0.17480804547036854
549.351378,0.167344719579617,0.334689439159234,0.167344719579617,0.334689439159234,0.167344719579617,0.167344719579617,0.334689439159234,0.167344719579617
549.840961,0.16075928539603954,0.3215185707920791,0.16075928539603954,0.3215185707920791,0.16075928539603954,0.16075928539603954,0.3215185707920791,0.16075928539603954
550.340725,0.15455084626247706,0.3091016925249541,0.15455084626247706,0.3091016925249541,0.15455084626247706,0.15455084626247706,0.3091016925249541,0.15455084626247706
550.841549,0.14879237504546527,0.29758475009093055,0.14879237504546527,0.29758475009093055,0.14879237504546527,0.14879237504546527,0.29758475009093055,0.14879237504546527
551.3417,0.14345452850082877,0.28690905700165753,0.14345452850082877,0.28690905700165753,0.14345452850082877,0.14345452850082877,0.28690905700165753,0.14345452850082877
552.127717,0.135798372551564,0.271596745103128,0.135798372551564,0.271596745103128,0.135798372551564,0.135798372551564,0.271596745103128,0.135798372551564
552.432881,0.13304169706392296,0.26608339412784593,0.13304169706392296,0.26608339412784593,0.13304169706392296,0.13304169706392296,0.26608339412784593,0.13304169706392296
552.721636,0.13053436330167342,0.26106872660334685,0.13053436330167342,0.26106872660334685,0.13053436330167342,0.13053436330167342,0.26106872660334685,0.13053436330167342
553.220218,0.1264205082382551,0.2528410164765102,0.1264205082382551,0.2528410164765102,0.1264205082382551,0.1264205082382551,0.2528410164765102,0.1264205082382551
553.72057,0.1225447395526016,0.2450894791052032,0.1225447395526016,0.2450894791052032,0.1225447395526016,0.1225447395526016,0.2450894791052032,0.1225447395526016
554.22099,0.11889906598838676,0.23779813197677352,0.11889906598838676,0.23779813197677352,0.11889906598838676,0.11889906598838676,0.23779813197677352,0.11889906598838676
554.720866,0.11546766772515862,0.23093533545031725,0.11546766772515862,0.23093533545031725,0.11546766772515862,0.11546766772515862,0.23093533545031725,0.11546766772515862
555.220853,0.11222807348222859,0.22445614696445718,0.11222807348222859,0.22445614696445718,0.11222807348222859,0.11222807348222859,0.22445614696445718,0.11222807348222859
555.72098,0.10916446609297055,0.2183289321859411,0.10916446609297055,0.2183289321859411,0.10916446609297055,0.10916446609297055,0.2183289321859411,0.10916446609297055
556.221564,0.10626109498658047,0.21252218997316094,0.10626109498658047,0.21252218997316094,0.10626109498658047,0.10626109498658047,0.21252218997316094,0.10626109498658047
556.720923,0.10351472339080285,0.2070294467816057,0.10351472339080285,0.2070294467816057,0.10351472339080285,0.10351472339080285,0.2070294467816057,0.10351472339080285
557.220415,0.10090606074595297,0.20181212149190594,0.10090606074595297,0.20181212149190594,0.10090606074595297,0.10090606074595297,0.20181212149190594,0.10090606074595297
557.721445,0.09841819811534053,0.19683639623068105,0.09841819811534053,0.19683639623068105,0.09841819811534053,0.09841819811534053,0.19683639623068105,0.09841819811534053
558.22047,0.09605931086089795,0.1921186217217959,0.09605931086089795,0.1921186217217959,0.09605931086089795,0.09605931086089795,0.1921186217217959,0.09605931086089795
558.720386,0.09380693201333229,0.18761386402666458,0.09380693201333229,0.18761386402666458,0.09380693201333229,0.09380693201333229,0.18761386402666458,0.09380693201333229
559.220221,0.09165810007148847,0.18331620014297695,0.09165810007148847,0.18331620014297695,0.09165810007148847,0.09165810007148847,0.18331620014297695,0.09165810007148847
559.721665,0.08959905096685195,0.1791981019337039,0.08959905096685195,0.1791981019337039,0.08959905096685195,0.08959905096685195,0.1791981019337039,0.08959905096685195
560.220721,0.0876396499479572,0.1752792998959144,0.0876396499479572,0.1752792998959144,0.0876396499479572,0.0876396499479572,0.1752792998959144,0.0876396499479572
560.720864,0.08576011592023339,0.17152023184046677,0.08576011592023339,0.17152023184046677,0.08576011592023339,0.08576011592023339,0.17152023184046677,0.08576011592023339
561.220558,0.08396108940856883,0.16792217881713767,0.08396108940856883,0.16792217881713767,0.08396108940856883,0.08396108940856883,0.16792217881713767,0.08396108940856883
561.722028,0.08222998509828194,0.1644599701965639,0.08222998509828194,0.1644599701965639,0.08222998509828194,0.08222998509828194,0.1644599701965639,0.08222998509828194
562.22125,0.08057611925265624,0.1611522385053125,0.08057611925265624,0.1611522385053125,0.08057611925265624,0.08057611925265624,0.1611522385053125,0.08057611925265624
562.721168,0.07898529799257267,0.15797059598514535,0.07898529799257267,0.15797059598514535,0.07898529799257267,0.07898529799257267,0.15797059598514535,0.07898529799257267
563.221745,0.07745409924852073,0.15490819849704146,0.07745409924852073,0.15490819849704146,0.07745409924852073,0.07745409924852073,0.15490819849704146,0.07745409924852073
563.7217,0.07598293423297105,0.1519658684659421,0.07598293423297105,0.1519658684659421,0.07598293423297105,0.07598293423297105,0.1519658684659421,0.07598293423297105
564.220811,0.07456896064775954,0.1491379212955191,0.07456896064775954,0.1491379212955191,0.07456896064775954,0.07456896064775954,0.1491379212955191,0.07456896064775954
564.72055,0.07320496842120668,0.14640993684241335,0.07320496842120668,0.14640993684241335,0.07320496842120668,0.07320496842120668,0.14640993684241335,0.07320496842120668
565.222355,0.07188464096587074,0.1437692819317415,0.07188464096587074,0.1437692819317415,0.07188464096587074,0.07188464096587074,0.1437692819317415,0.07188464096587074
565.721586,0.07061751414627691,0.14123502829255383,0.07061751414627691,0.14123502829255383,0.07061751414627691,0.07061751414627691,0.14123502829255383,0.07061751414627691
566.220096,0.06939602144281537,0.13879204288563074,0.06939602144281537,0.13879204288563074,0.06939602144281537,0.06939602144281537,0.13879204288563074,0.06939602144281537
566.720511,0.06821163519285184,0.13642327038570368,0.06821163519285184,0.13642327038570368,0.06821163519285184,0.06821163519285184,0.13642327038570368,0.06821163519285184
567.220478,0.06706800608628746,0.13413601217257493,0.06706800608628746,0.13413601217257493,0.06706800608628746,0.06706800608628746,0.13413601217257493,0.06706800608628746
567.720428,0.06596212955832947,0.13192425911665895,0.06596212955832947,0.13192425911665895,0.06596212955832947,0.06596212955832947,0.13192425911665895,0.06596212955832947
568.220192,0.0648925224086858,0.1297850448173716,0.0648925224086858,0.1297850448173716,0.0648925224086858,0.0648925224086858,0.1297850448173716,0.0648925224086858
568.721235,0.06385444252118411,0.12770888504236821,0.06385444252118411,0.12770888504236821,0.06385444252118411,0.06385444252118411,0.12770888504236821,0.06385444252118411
569.220284,0.062852990249867,0.125705980499734,0.062852990249867,0.125705980499734,0.062852990249867,0.062852990249867,0.125705980499734,0.062852990249867
569.720186,0.061880831997687076,0.12376166399537415,0.061880831997687076,0.12376166399537415,0.061880831997687076,0.061880831997687076,0.12376166399537415,0.061880831997687076
570.220481,0.06093755908086788,0.12187511816173575,0.06093755908086788,0.12187511816173575,0.06093755908086788,0.06093755908086788,0.12187511816173575,0.06093755908086788
570.720116,0.06002380063742878,0.12004760127485756,0.06002380063742878,0.12004760127485756,0.06002380063742878,0.06002380063742878,0.12004760127485756,0.06002380063742878
571.22011,0.05913641321687008,0.11827282643374017,0.05913641321687008,0.11827282643374017,0.05913641321687008,0.05913641321687008,0.11827282643374017,0.05913641321687008
571.721536,0.05827245027728356,0.11654490055456712,0.05827245027728356,0.11654490055456712,0.05827245027728356,0.05827245027728356,0.11654490055456712,0.05827245027728356
572.220096,0.057438095518174276,0.11487619103634855,0.057438095518174276,0.11487619103634855,0.057438095518174276,0.057438095518174276,0.11487619103634855,0.057438095518174276
572.721995,0.05662194335285986,0.11324388670571972,0.05662194335285986,0.11324388670571972,0.05662194335285986,0.05662194335285986,0.11324388670571972,0.05662194335285986
573.220507,0.055833938922193335,0.11166787784438667,0.055833938922193335,0.11166787784438667,0.055833938922193335,0.055833938922193335,0.11166787784438667,0.055833938922193335
573.72146,0.05506386582477686,0.11012773164955372,0.05506386582477686,0.11012773164955372,0.05506386582477686,0.05506386582477686,0.11012773164955372,0.05506386582477686
574.220559,0.05431748062271406,0.10863496124542812,0.05431748062271406,0.10863496124542812,0.05431748062271406,0.05431748062271406,0.10863496124542812,0.05431748062271406
574.720525,0.05358981418401808,0.10717962836803616,0.05358981418401808,0.10717962836803616,0.05358981418401808,0.05358981418401808,0.10717962836803616,0.05358981418401808
575.220606,0.05288122564720407,0.10576245129440814,0.05288122564720407,0.10576245129440814,0.05288122564720407,0.05288122564720407,0.10576245129440814,0.05288122564720407
575.721933,0.05218943418120367,0.10437886836240734,0.05218943418120367,0.10437886836240734,0.05218943418120367,0.05218943418120367,0.10437886836240734,0.05218943418120367
576.221749,0.051517514061512185,0.10303502812302437,0.051517514061512185,0.10303502812302437,0.051517514061512185,0.051517514061512185,0.10303502812302437,0.051517514061512185
576.720163,0.05086448904090253,0.10172897808180506,0.05086448904090253,0.10172897808180506,0.05086448904090253,0.05086448904090253,0.10172897808180506,0.05086448904090253
577.220399,0.050225513812656594,0.10045102762531319,0.050225513812656594,0.10045102762531319,0.050225513812656594,0.050225513812656594,0.10045102762531319,0.050225513812656594
577.720148,0.049602992528698035,0.09920598505739607,0.049602992528698035,0.09920598505739607,0.049602992528698035,0.049602992528698035,0.09920598505739607,0.049602992528698035
578.22074,0.04899470220285081,0.09798940440570161,0.04899470220285081,0.09798940440570161,0.04899470220285081,0.04899470220285081,0.09798940440570161,0.04899470220285081
578.723136,0.048399037285069585,0.09679807457013917,0.048399037285069585,0.09679807457013917,0.048399037285069585,0.048399037285069585,0.09679807457013917,0.048399037285069585
579.220728,0.04782317514893568,0.09564635029787136,0.04782317514893568,0.09564635029787136,0.04782317514893568,0.04782317514893568,0.09564635029787136,0.04782317514893568
579.721389,0.047257428152936966,0.09451485630587393,0.047257428152936966,0.09451485630587393,0.047257428152936966,0.047257428152936966,0.09451485630587393,0.047257428152936966
580.220189,0.04670694003709322,0.09341388007418644,0.04670694003709322,0.09341388007418644,0.04670694003709322,0.04670694003709322,0.09341388007418644,0.04670694003709322
580.72192,0.046166005569466935,0.09233201113893387,0.046166005569466935,0.09233201113893387,0.046166005569466935,0.046166005569466935,0.09233201113893387,0.046166005569466935
581.220529,0.04564070871896586,0.09128141743793172,0.04564070871896586,0.09128141743793172,0.04564070871896586,0.04564070871896586,0.09128141743793172,0.04564070871896586
581.720163,0.0451261878256179,0.0902523756512358,0.0451261878256179,0.0902523756512358,0.0451261878256179,0.0451261878256179,0.0902523756512358,0.0451261878256179
582.221022,0.04462191870591441,0.08924383741182881,0.04462191870591441,0.08924383741182881,0.04462191870591441,0.04462191870591441,0.08924383741182881,0.04462191870591441
582.720581,0.04413006090985456,0.08826012181970912,0.04413006090985456,0.08826012181970912,0.04413006090985456,0.04413006090985456,0.08826012181970912,0.04413006090985456
583.221141,0.0436479746324955,0.087295949264991,0.0436479746324955,0.087295949264991,0.0436479746324955,0.0436479746324955,0.087295949264991,0.0436479746324955
583.721285,0.043176695119748955,0.08635339023949791,0.043176695119748955,0.08635339023949791,0.043176695119748955,0.043176695119748955,0.08635339023949791,0.043176695119748955
584.220613,0.042716228426996475,0.08543245685399295,0.042716228426996475,0.08543245685399295,0.042716228426996475,0.042716228426996475,0.08543245685399295,0.042716228426996475
584.721136,0.04226441224910575,0.0845288244982115,0.04226441224910575,0.0845288244982115,0.04226441224910575,0.04226441224910575,0.0845288244982115,0.04226441224910575
585.2209,0.04182271768201765,0.0836454353640353,0.04182271768201765,0.0836454353640353,0.04182271768201765,0.04182271768201765,0.0836454353640353,0.04182271768201765
585.720598,0.0413902162386318,0.0827804324772636,0.0413902162386318,0.0827804324772636,0.0413902162386318,0.0413902162386318,0.0827804324772636,0.0413902162386318
586.220459,0.040966431716670235,0.08193286343334047,0.040966431716670235,0.08193286343334047,0.040966431716670235,0.040966431716670235,0.08193286343334047,0.040966431716670235
586.720214,0.04055132445289059,0.08110264890578119,0.04055132445289059,0.08110264890578119,0.04055132445289059,0.04055132445289059,0.08110264890578119,0.04055132445289059
587.220172,0.04014438167736549,0.08028876335473098,0.04014438167736549,0.08028876335473098,0.04014438167736549,0.04014438167736549,0.08028876335473098,0.04014438167736549
587.721476,0.0397444621854891,0.0794889243709782,0.0397444621854891,0.0794889243709782,0.0397444621854891,0.0397444621854891,0.0794889243709782,0.0397444621854891
588.221487,0.039353433322405505,0.07870686664481101,0.039353433322405505,0.07870686664481101,0.039353433322405505,0.039353433322405505,0.07870686664481101,0.039353433322405505
588.721405,0.03897009444694663,0.07794018889389326,0.03897009444694663,0.07794018889389326,0.03897009444694663,0.03897009444694663,0.07794018889389326,0.03897009444694663
589.220981,0.03859440638532098,0.07718881277064196,0.03859440638532098,0.07718881277064196,0.03859440638532098,0.03859440638532098,0.07718881277064196,0.03859440638532098
589.720641,0.038225831369306025,0.07645166273861205,0.038225831369306025,0.07645166273861205,0.038225831369306025,0.038225831369306025,0.07645166273861205,0.038225831369306025
590.221265,0.037863538482086685,0.07572707696417337,0.037863538482086685,0.07572707696417337,0.037863538482086685,0.037863538482086685,0.07572707696417337,0.037863538482086685
590.720785,0.03750882512326103,0.07501765024652206,0.03750882512326103,0.07501765024652206,0.03750882512326103,0.03750882512326103,0.07501765024652206,0.03750882512326103
591.222711,0.03715903496574149,0.07431806993148297,0.03715903496574149,0.07431806993148297,0.03715903496574149,0.03715903496574149,0.07431806993148297,0.03715903496574149
591.721919,0.036817550572909634,0.07363510114581927,0.036817550572909634,0.07363510114581927,0.036817550572909634,0.036817550572909634,0.07363510114581927,0.036817550572909634
592.221571,0.03648198990868025,0.0729639798173605,0.03648198990868025,0.0729639798173605,0.03648198990868025,0.03648198990868025,0.0729639798173605,0.03648198990868025
592.720057,0.0361532526982031,0.0723065053964062,0.0361532526982031,0.0723065053964062,0.0361532526982031,0.0361532526982031,0.0723065053964062,0.0361532526982031
593.22151,0.035828482604644704,0.07165696520928941,0.035828482604644704,0.07165696520928941,0.035828482604644704,0.035828482604644704,0.07165696520928941,0.035828482604644704
593.72134,0.03551051874831098,0.07102103749662196,0.03551051874831098,0.07102103749662196,0.03551051874831098,0.03551051874831098,0.07102103749662196,0.03551051874831098
594.221726,0.03519780444543342,0.07039560889086684,0.03519780444543342,0.07039560889086684,0.03519780444543342,0.03519780444543342,0.07039560889086684,0.03519780444543342
594.720505,0.034891527909602316,0.06978305581920463,0.034891527909602316,0.06978305581920463,0.034891527909602316,0.034891527909602316,0.06978305581920463,0.034891527909602316
595.221261,0.03458935286797011,0.06917870573594022,0.03458935286797011,0.06917870573594022,0.03458935286797011,0.03458935286797011,0.06917870573594022,0.03458935286797011
595.720312,0.034293369349601525,0.06858673869920305,0.034293369349601525,0.06858673869920305,0.034293369349601525,0.034293369349601525,0.06858673869920305,0.034293369349601525
596.220296,0.03400186901473601,0.06800373802947202,0.03400186901473601,0.06800373802947202,0.03400186901473601,0.03400186901473601,0.06800373802947202,0.03400186901473601
596.722122,0.03371423564382944,0.06742847128765889,0.03371423564382944,0.06742847128765889,0.03371423564382944,0.03371423564382944,0.06742847128765889,0.03371423564382944
597.220193,0.03343352636792729,0.06686705273585458,0.03343352636792729,0.06686705273585458,0.03343352636792729,0.03343352636792729,0.06686705273585458,0.03343352636792729
597.721976,0.03315541254815654,0.06631082509631309,0.03315541254815654,0.06631082509631309,0.03315541254815654,0.03315541254815654,0.06631082509631309,0.03315541254815654
598.220537,0.032883629422739195,0.06576725884547839,0.032883629422739195,0.06576725884547839,0.032883629422739195,0.032883629422739195,0.06576725884547839,0.032883629422739195
598.720953,0.03261527915262503,0.06523055830525006,0.03261527915262503,0.06523055830525006,0.03261527915262503,0.03261527915262503,0.06523055830525006,0.03261527915262503
599.220287,0.032351839453608484,0.06470367890721697,0.032351839453608484,0.06470367890721697,0.032351839453608484,0.032351839453608484,0.06470367890721697,0.032351839453608484
599.720863,0.03209198178144611,0.06418396356289222,0.03209198178144611,0.06418396356289222,0.03209198178144611,0.03209198178144611,0.06418396356289222,0.03209198178144611
600.221044,0.031836465500318635,0.06367293100063727,0.031836465500318635,0.06367293100063727,0.031836465500318635,0.031836465500318635,0.06367293100063727,0.031836465500318635
600.721577,0.03158481034039943,0.06316962068079886,0.03158481034039943,0.06316962068079886,0.03158481034039943,0.03158481034039943,0.06316962068079886,0.03158481034039943
601.221974,0.031337169232653284,0.06267433846530657,0.031337169232653284,0.06267433846530657,0.031337169232653284,0.031337169232653284,0.06267433846530657,0.031337169232653284
601.719929,0.031094561687093902,0.062189123374187805,0.031094561687093902,0.062189123374187805,0.031094561687093902,0.031094561687093902,0.062189123374187805,0.031094561687093902
602.220488,0.030854442194264226,0.06170888438852845,0.030854442194264226,0.06170888438852845,0.030854442194264226,0.030854442194264226,0.06170888438852845,0.030854442194264226
602.721952,0.0306175786051219,0.0612351572102438,0.0306175786051219,0.0612351572102438,0.0306175786051219,0.0306175786051219,0.0612351572102438,0.0306175786051219
603.220989,0.030385444375501534,0.06077088875100307,0.030385444375501534,0.06077088875100307,0.030385444375501534,0.030385444375501534,0.06077088875100307,0.030385444375501534
603.721586,0.03015609427675628,0.06031218855351256,0.03015609427675628,0.06031218855351256,0.03015609427675628,0.03015609427675628,0.06031218855351256,0.03015609427675628
604.221716,0.029930389695469642,0.059860779390939284,0.029930389695469642,0.059860779390939284,0.029930389695469642,0.029930389695469642,0.059860779390939284,0.029930389695469642
604.720571,0.02970860125354553,0.05941720250709106,0.02970860125354553,0.05941720250709106,0.02970860125354553,0.02970860125354553,0.05941720250709106,0.02970860125354553
605.221974,0.029488967690618942,0.058977935381237884,0.029488967690618942,0.058977935381237884,0.029488967690618942,0.029488967690618942,0.058977935381237884,0.029488967690618942
605.72148,0.02927337054173882,0.05854674108347764,0.02927337054173882,0.05854674108347764,0.02927337054173882,0.02927337054173882,0.05854674108347764,0.02927337054173882
606.221296,0.029060772119141695,0.05812154423828339,0.029060772119141695,0.05812154423828339,0.029060772119141695,0.029060772119141695,0.05812154423828339,0.029060772119141695
606.721735,0.0288509801435293,0.0577019602870586,0.0288509801435293,0.0577019602870586,0.0288509801435293,0.0288509801435293,0.0577019602870586,0.0288509801435293
607.221257,0.028644571666763294,0.05728914333352659,0.028644571666763294,0.05728914333352659,0.028644571666763294,0.028644571666763294,0.05728914333352659,0.028644571666763294
607.721569,0.028440776115220043,0.056881552230440086,0.028440776115220043,0.056881552230440086,0.028440776115220043,0.028440776115220043,0.056881552230440086,0.028440776115220043
608.22033,0.028240478405000366,0.05648095681000073,0.028240478405000366,0.05648095681000073,0.028240478405000366,0.028240478405000366,0.05648095681000073,0.028240478405000366
608.720481,0.02804243566444821,0.05608487132889642,0.02804243566444821,0.05608487132889642,0.02804243566444821,0.02804243566444821,0.05608487132889642,0.02804243566444821
609.221019,0.02784700116827917,0.05569400233655834,0.02784700116827917,0.05569400233655834,0.02784700116827917,0.02784700116827917,0.05569400233655834,0.02784700116827917
609.721979,0.027654110515974658,0.055308221031949316,0.027654110515974658,0.055308221031949316,0.027654110515974658,0.027654110515974658,0.055308221031949316,0.027654110515974658
610.220266,0.02746488182287055,0.0549297636457411,0.02746488182287055,0.0549297636457411,0.02746488182287055,0.02746488182287055,0.0549297636457411,0.02746488182287055
610.720527,0.027277490790539472,0.054554981581078944,0.027277490790539472,0.054554981581078944,0.027277490790539472,0.027277490790539472,0.054554981581078944,0.027277490790539472
611.220551,0.027092726522726703,0.054185453045453406,0.027092726522726703,0.054185453045453406,0.027092726522726703,0.027092726522726703,0.054185453045453406,0.027092726522726703
611.721667,0.026910053026663123,0.053820106053326246,0.026910053026663123,0.053820106053326246,0.026910053026663123,0.026910053026663123,0.053820106053326246,0.026910053026663123
612.220286,0.026730718457825726,0.05346143691565145,0.026730718457825726,0.05346143691565145,0.026730718457825726,0.026730718457825726,0.05346143691565145,0.026730718457825726
612.721079,0.0265529918922165,0.053105983784433,0.0265529918922165,0.053105983784433,0.0265529918922165,0.0265529918922165,0.053105983784433,0.0265529918922165
613.220741,0.026378006514075087,0.052756013028150174,0.026378006514075087,0.052756013028150174,0.026378006514075087,0.026378006514075087,0.052756013028150174,0.026378006514075087
613.720999,0.026205107718781293,0.052410215437562586,0.026205107718781293,0.052410215437562586,0.026205107718781293,0.026205107718781293,0.052410215437562586,0.026205107718781293
614.220983,0.026034553606271847,0.052069107212543694,0.026034553606271847,0.052069107212543694,0.026034553606271847,0.026034553606271847,0.052069107212543694,0.026034553606271847
614.721045,0.025866179123678414,0.05173235824735683,0.025866179123678414,0.05173235824735683,0.025866179123678414,0.025866179123678414,0.05173235824735683,0.025866179123678414
615.221609,0.02569980273730913,0.05139960547461826,0.02569980273730913,0.05139960547461826,0.02569980273730913,0.02569980273730913,0.05139960547461826,0.02569980273730913
615.720696,0.025536034562307772,0.051072069124615545,0.025536034562307772,0.051072069124615545,0.025536034562307772,0.025536034562307772,0.051072069124615545,0.025536034562307772
616.220545,0.025374095040829762,0.050748190081659525,0.025374095040829762,0.050748190081659525,0.025374095040829762,0.025374095040829762,0.050748190081659525,0.025374095040829762
616.720856,0.02521404963153699,0.05042809926307398,0.02521404963153699,0.05042809926307398,0.02521404963153699,0.02521404963153699,0.05042809926307398,0.02521404963153699
617.222222,0.025055679357059237,0.050111358714118474,0.025055679357059237,0.050111358714118474,0.025055679357059237,0.025055679357059237,0.050111358714118474,0.025055679357059237
617.720768,0.024900160317192173,0.049800320634384346,0.024900160317192173,0.049800320634384346,0.024900160317192173,0.024900160317192173,0.049800320634384346,0.024900160317192173
618.221412,0.024745917579366217,0.049491835158732435,0.024745917579366217,0.049491835158732435,0.024745917579366217,0.024745917579366217,0.049491835158732435,0.024745917579366217
618.720181,0.02459414102878102,0.04918828205756204,0.02459414102878102,0.04918828205756204,0.02459414102878102,0.02459414102878102,0.04918828205756204,0.02459414102878102
619.221157,0.02444355559528449,0.04888711119056898,0.02444355559528449,0.04888711119056898,0.02444355559528449,0.02444355559528449,0.04888711119056898,0.02444355559528449
619.720231,0.024295364282930634,0.04859072856586127,0.024295364282930634,0.04859072856586127,0.024295364282930634,0.024295364282930634,0.04859072856586127,0.024295364282930634
620.221136,0.024148425107330083,0.04829685021466017,0.024148425107330083,0.04829685021466017,0.024148425107330083,0.024148425107330083,0.04829685021466017,0.024148425107330083
620.721102,0.02400352314111256,0.04800704628222512,0.02400352314111256,0.04800704628222512,0.02400352314111256,0.02400352314111256,0.04800704628222512,0.02400352314111256
621.221328,0.02386027575225246,0.04772055150450492,0.02386027575225246,0.04772055150450492,0.02386027575225246,0.02386027575225246,0.04772055150450492,0.02386027575225246
621.721485,0.02371874736314237,0.04743749472628474,0.02371874736314237,0.04743749472628474,0.02371874736314237,0.02371874736314237,0.04743749472628474,0.02371874736314237
622.220662,0.023579160464463254,0.04715832092892651,0.023579160464463254,0.04715832092892651,0.023579160464463254,0.023579160464463254,0.04715832092892651,0.023579160464463254
622.720049,0.02344114921921809,0.04688229843843618,0.02344114921921809,0.04688229843843618,0.02344114921921809,0.02344114921921809,0.04688229843843618,0.02344114921921809
623.221034,0.02330431022306255,0.0466086204461251,0.02330431022306255,0.0466086204461251,0.02330431022306255,0.02330431022306255,0.0466086204461251,0.02330431022306255
623.720929,0.023169352127802058,0.046338704255604116,0.023169352127802058,0.046338704255604116,0.023169352127802058,0.023169352127802058,0.046338704255604116,0.023169352127802058
624.220246,0.023036101510239906,0.04607220302047981,0.023036101510239906,0.04607220302047981,0.023036101510239906,0.023036101510239906,0.04607220302047981,0.023036101510239906
624.720506,0.022904127468065742,0.045808254936131484,0.022904127468065742,0.045808254936131484,0.022904127468065742,0.022904127468065742,0.045808254936131484,0.022904127468065742
625.221288,0.02277352160902036,0.04554704321804072,0.02277352160902036,0.04554704321804072,0.02277352160902036,0.02277352160902036,0.04554704321804072,0.02277352160902036
625.720217,0.02264487189835594,0.04528974379671188,0.02264487189835594,0.04528974379671188,0.02264487189835594,0.02264487189835594,0.04528974379671188,0.02264487189835594
626.220093,0.02251742744741327,0.04503485489482654,0.02251742744741327,0.04503485489482654,0.02251742744741327,0.02251742744741327,0.04503485489482654,0.02251742744741327
626.720317,0.02239132223411163,0.04478264446822326,0.02239132223411163,0.04478264446822326,0.02239132223411163,0.02239132223411163,0.04478264446822326,0.02239132223411163
627.221301,0.022266433214989823,0.044532866429979646,0.022266433214989823,0.044532866429979646,0.022266433214989823,0.022266433214989823,0.044532866429979646,0.022266433214989823
627.720888,0.02214327210777645,0.0442865442155529,0.02214327210777645,0.0442865442155529,0.02214327210777645,0.02214327210777645,0.0442865442155529,0.02214327210777645
628.221117,0.02202131030826232,0.04404262061652464,0.02202131030826232,0.04404262061652464,0.02202131030826232,0.02202131030826232,0.04404262061652464,0.02202131030826232
628.720262,0.021900944611832132,0.043801889223664264,0.021900944611832132,0.043801889223664264,0.021900944611832132,0.021900944611832132,0.043801889223664264,0.021900944611832132
629.220814,0.021781553798902273,0.043563107597804546,0.021781553798902273,0.043563107597804546,0.021781553798902273,0.021781553798902273,0.043563107597804546,0.021781553798902273
629.720613,0.021663634317506106,0.04332726863501221,0.021663634317506106,0.04332726863501221,0.021663634317506106,0.021663634317506106,0.04332726863501221,0.021663634317506106
630.221233,0.021546794147843305,0.04309358829568661,0.021546794147843305,0.04309358829568661,0.021546794147843305,0.021546794147843305,0.04309358829568661,0.021546794147843305
630.72151,0.021431286313305476,0.04286257262661095,0.021431286313305476,0.04286257262661095,0.021431286313305476,0.021431286313305476,0.04286257262661095,0.021431286313305476
631.221433,0.021317090733414812,0.042634181466829624,0.021317090733414812,0.042634181466829624,0.021317090733414812,0.021317090733414812,0.042634181466829624,0.021317090733414812
631.720772,0.021204236962776336,0.04240847392555267,0.021204236962776336,0.04240847392555267,0.021204236962776336,0.021204236962776336,0.04240847392555267,0.021204236962776336
632.220737,0.02109243255512768,0.04218486511025536,0.02109243255512768,0.04218486511025536,0.02109243255512768,0.02109243255512768,0.04218486511025536,0.02109243255512768
632.721253,0.020981679709980296,0.04196335941996059,0.020981679709980296,0.04196335941996059,0.020981679709980296,0.020981679709980296,0.04196335941996059,0.020981679709980296
633.221111,0.020872227206799977,0.04174445441359995,0.020872227206799977,0.04174445441359995,0.020872227206799977,0.020872227206799977,0.04174445441359995,0.020872227206799977
633.721289,0.02076384172973433,0.04152768345946866,0.02076384172973433,0.04152768345946866,0.02076384172973433,0.02076384172973433,0.04152768345946866,0.02076384172973433
634.220736,0.02065673204549901,0.04131346409099802,0.02065673204549901,0.04131346409099802,0.02065673204549901,0.02065673204549901,0.04131346409099802,0.02065673204549901
634.72103,0.020550542878553575,0.04110108575710715,0.020550542878553575,0.04110108575710715,0.020550542878553575,0.020550542878553575,0.04110108575710715,0.020550542878553575
635.221057,0.02044549569731188,0.04089099139462376,0.02044549569731188,0.04089099139462376,0.02044549569731188,0.02044549569731188,0.04089099139462376,0.02044549569731188
635.721336,0.02034146484746709,0.04068292969493418,0.02034146484746709,0.04068292969493418,0.02034146484746709,0.02034146484746709,0.04068292969493418,0.02034146484746709
636.220988,0.02023861570782918,0.04047723141565836,0.02023861570782918,0.04047723141565836,0.02023861570782918,0.02023861570782918,0.04047723141565836,0.02023861570782918
636.720181,0.020136894434374813,0.040273788868749626,0.020136894434374813,0.040273788868749626,0.020136894434374813,0.020136894434374813,0.040273788868749626,0.020136894434374813
637.221413,0.020035781300751572,0.040071562601503144,0.020035781300751572,0.040071562601503144,0.020035781300751572,0.020035781300751572,0.040071562601503144,0.020035781300751572
637.72106,0.01993599349927124,0.03987198699854248,0.01993599349927124,0.03987198699854248,0.01993599349927124,0.01993599349927124,0.03987198699854248,0.01993599349927124
638.220608,0.019837214233026645,0.03967442846605329,0.019837214233026645,0.03967442846605329,0.019837214233026645,0.019837214233026645,0.03967442846605329,0.019837214233026645
638.720015,0.019739436477580464,0.03947887295516093,0.019739436477580464,0.03947887295516093,0.019739436477580464,0.019739436477580464,0.03947887295516093,0.019739436477580464
639.220762,0.019642359384424945,0.03928471876884989,0.019642359384424945,0.03928471876884989,0.019642359384424945,0.019642359384424945,0.03928471876884989,0.019642359384424945
639.720661,0.019546394447158628,0.039092788894317256,0.019546394447158628,0.039092788894317256,0.019546394447158628,0.019546394447158628,0.039092788894317256,0.019546394447158628
640.221127,0.019451255382563537,0.038902510765127074,0.019451255382563537,0.038902510765127074,0.019451255382563537,0.019451255382563537,0.038902510765127074,0.019451255382563537
640.720518,0.019357239382017038,0.038714478764034076,0.019357239382017038,0.038714478764034076,0.019357239382017038,0.019357239382017038,0.038714478764034076,0.019357239382017038
641.220735,0.019263974580800258,0.038527949161600517,0.019263974580800258,0.038527949161600517,0.019263974580800258,0.019263974580800258,0.038527949161600517,0.019263974580800258
641.722562,0.019171308312002526,0.03834261662400505,0.019171308312002526,0.03834261662400505,0.019171308312002526,0.019171308312002526,0.03834261662400505,0.019171308312002526
642.222049,0.019079955210568343,0.038159910421136686,0.019079955210568343,0.038159910421136686,0.019079955210568343,0.019079955210568343,0.038159910421136686,0.019079955210568343
642.72053,0.018989649976125247,0.037979299952250495,0.018989649976125247,0.037979299952250495,0.018989649976125247,0.018989649976125247,0.037979299952250495,0.018989649976125247
643.220594,0.01889991280903223,0.03779982561806446,0.01889991280903223,0.03779982561806446,0.01889991280903223,0.01889991280903223,0.03779982561806446,0.01889991280903223
643.720549,0.01881103905887468,0.03762207811774936,0.01881103905887468,0.03762207811774936,0.01881103905887468,0.01881103905887468,0.03762207811774936,0.01881103905887468
644.220651,0.018722971459891217,0.037445942919782434,0.018722971459891217,0.037445942919782434,0.018722971459891217,0.018722971459891217,0.037445942919782434,0.018722971459891217
644.720639,0.018635744425636522,0.037271488851273044,0.018635744425636522,0.037271488851273044,0.018635744425636522,0.018635744425636522,0.037271488851273044,0.018635744425636522
645.2211,0.018549244999355414,0.03709848999871083,0.018549244999355414,0.03709848999871083,0.018549244999355414,0.018549244999355414,0.03709848999871083,0.018549244999355414
645.383884,0.01852128230542254,0.03704256461084508,0.01852128230542254,0.03704256461084508,0.01852128230542254,0.01852128230542254,0.03704256461084508,0.01852128230542254
645.765744,0.018456016875591227,0.03691203375118245,0.018456016875591227,0.03691203375118245,0.018456016875591227,0.018456016875591227,0.03691203375118245,0.018456016875591227
646.075044,0.018403489213218067,0.036806978426436134,0.018403489213218067,0.036806978426436134,0.018403489213218067,0.018403489213218067,0.036806978426436134,0.018403489213218067
646.574902,0.018319228717970367,0.036638457435940734,0.018319228717970367,0.036638457435940734,0.018319228717970367,0.018319228717970367,0.036638457435940734,0.018319228717970367
647.073382,0.018235965404987682,0.036471930809975364,0.018235965404987682,0.036471930809975364,0.018235965404987682,0.018235965404987682,0.036471930809975364,0.018235965404987682
647.573415,0.018153199662550176,0.03630639932510035,0.018153199662550176,0.03630639932510035,0.018153199662550176,0.018153199662550176,0.03630639932510035,0.018153199662550176
648.073469,0.018071178377900114,0.03614235675580023,0.018071178377900114,0.03614235675580023,0.018071178377900114,0.018071178377900114,0.03614235675580023,0.018071178377900114
648.574856,0.017989679249056104,0.03597935849811221,0.017989679249056104,0.03597935849811221,0.017989679249056104,0.017989679249056104,0.03597935849811221,0.017989679249056104
649.073949,0.017909279808847812,0.035818559617695624,0.017909279808847812,0.035818559617695624,0.017909279808847812,0.017909279808847812,0.035818559617695624,0.017909279808847812
649.573887,0.017829461503816833,0.03565892300763367,0.017829461503816833,0.03565892300763367,0.017829461503816833,0.017829461503816833,0.03565892300763367,0.017829461503816833
650.074341,0.017750270223457525,0.03550054044691505,0.017750270223457525,0.03550054044691505,0.017750270223457525,0.017750270223457525,0.03550054044691505,0.017750270223457525
650.573448,0.017671989634883263,0.035343979269766526,0.017671989634883263,0.035343979269766526,0.017671989634883263,0.017671989634883263,0.035343979269766526,0.017671989634883263
651.0739,0.0175941882877248,0.0351883765754496,0.0175941882877248,0.0351883765754496,0.0175941882877248,0.0175941882877248,0.0351883765754496,0.0175941882877248
651.574409,0.017517060237202547,0.035034120474405094,0.017517060237202547,0.035034120474405094,0.017517060237202547,0.017517060237202547,0.035034120474405094,0.017517060237202547
652.074779,0.017440626591484418,0.034881253182968835,0.017440626591484418,0.034881253182968835,0.017440626591484418,0.017440626591484418,0.034881253182968835,0.017440626591484418
652.574193,0.01736500120300386,0.03473000240600772,0.01736500120300386,0.03473000240600772,0.01736500120300386,0.01736500120300386,0.03473000240600772,0.01736500120300386
653.07378,0.0172900029721515,0.034580005944303,0.0172900029721515,0.034580005944303,0.0172900029721515,0.0172900029721515,0.034580005944303,0.0172900029721515
653.574665,0.017215457432134623,0.034430914864269246,0.017215457432134623,0.034430914864269246,0.017215457432134623,0.017215457432134623,0.034430914864269246,0.017215457432134623
654.001833,0.017152389019476213,0.034304778038952426,0.017152389019476213,0.034304778038952426,0.017152389019476213,0.017152389019476213,0.034304778038952426,0.017152389019476213
654.346816,0.01710179095427446,0.03420358190854892,0.01710179095427446,0.03420358190854892,0.01710179095427446,0.01710179095427446,0.03420358190854892,0.01710179095427446
654.725933,0.017046529687515875,0.03409305937503175,0.017046529687515875,0.03409305937503175,0.017046529687515875,0.017046529687515875,0.03409305937503175,0.017046529687515875
655.226482,0.016974112831443098,0.033948225662886196,0.016974112831443098,0.033948225662886196,0.016974112831443098,0.016974112831443098,0.033948225662886196,0.016974112831443098
655.726915,0.016902325223301904,0.03380465044660381,0.016902325223301904,0.03380465044660381,0.016902325223301904,0.016902325223301904,0.03380465044660381,0.016902325223301904
656.226658,0.016831240006766824,0.03366248001353365,0.016831240006766824,0.03366248001353365,0.016831240006766824,0.016831240006766824,0.03366248001353365,0.016831240006766824
656.725946,0.01676081411497881,0.03352162822995762,0.01676081411497881,0.03352162822995762,0.01676081411497881,0.01676081411497881,0.03352162822995762,0.01676081411497881
657.225513,0.016690936261629024,0.03338187252325805,0.016690936261629024,0.03338187252325805,0.016690936261629024,0.016690936261629024,0.03338187252325805,0.016690936261629024
657.726228,0.01662148006501126,0.03324296013002252,0.01662148006501126,0.03324296013002252,0.01662148006501126,0.01662148006501126,0.03324296013002252,0.01662148006501126
658.226636,0.01655264158806838,0.03310528317613676,0.01655264158806838,0.03310528317613676,0.01655264158806838,0.01655264158806838,0.03310528317613676,0.01655264158806838
658.726069,0.016484503425228413,0.032969006850456825,0.016484503425228413,0.032969006850456825,0.016484503425228413,0.016484503425228413,0.032969006850456825,0.016484503425228413
659.226518,0.016416787024972665,0.03283357404994533,0.016416787024972665,0.03283357404994533,0.016416787024972665,0.016416787024972665,0.03283357404994533,0.016416787024972665
659.72584,0.01634977532138754,0.03269955064277508,0.01634977532138754,0.03269955064277508,0.01634977532138754,0.01634977532138754,0.03269955064277508,0.01634977532138754
660.22587,0.01628321460291712,0.03256642920583424,0.01628321460291712,0.03256642920583424,0.01628321460291712,0.01628321460291712,0.03256642920583424,0.01628321460291712
660.72729,0.016217010849747845,0.03243402169949569,0.016217010849747845,0.03243402169949569,0.016217010849747845,0.016217010849747845,0.03243402169949569,0.016217010849747845
661.226243,0.016151665039211442,0.032303330078422884,0.016151665039211442,0.032303330078422884,0.016151665039211442,0.016151665039211442,0.032303330078422884,0.016151665039211442
661.726272,0.016086704506027494,0.03217340901205499,0.016086704506027494,0.03217340901205499,0.016086704506027494,0.016086704506027494,0.03217340901205499,0.016086704506027494
662.226718,0.016022210885973942,0.032044421771947884,0.016022210885973942,0.032044421771947884,0.016022210885973942,0.016022210885973942,0.032044421771947884,0.016022210885973942
662.728283,0.015958089843136198,0.031916179686272396,0.015958089843136198,0.031916179686272396,0.015958089843136198,0.015958089843136198,0.031916179686272396,0.015958089843136198
663.226741,0.01589487245799365,0.0317897449159873,0.01589487245799365,0.0317897449159873,0.01589487245799365,0.01589487245799365,0.0317897449159873,0.01589487245799365
663.725743,0.015832085784763604,0.03166417156952721,0.015832085784763604,0.03166417156952721,0.015832085784763604,0.015832085784763604,0.03166417156952721,0.015832085784763604
664.226713,0.01576954848620889,0.03153909697241778,0.01576954848620889,0.03153909697241778,0.01576954848620889,0.01576954848620889,0.03153909697241778,0.01576954848620889
664.726336,0.015707669464391096,0.03141533892878219,0.015707669464391096,0.03141533892878219,0.015707669464391096,0.015707669464391096,0.03141533892878219,0.015707669464391096
665.227338,0.015646105373797264,0.03129221074759453,0.015646105373797264,0.03129221074759453,0.015646105373797264,0.015646105373797264,0.03129221074759453,0.015646105373797264
665.727045,0.015585179258199236,0.03117035851639847,0.015585179258199236,0.03117035851639847,0.015585179258199236,0.015585179258199236,0.03117035851639847,0.015585179258199236
666.227585,0.01552462541310543,0.03104925082621086,0.01552462541310543,0.03104925082621086,0.01552462541310543,0.01552462541310543,0.03104925082621086,0.01552462541310543
666.726056,0.015464787699085172,0.030929575398170345,0.015464787699085172,0.030929575398170345,0.015464787699085172,0.015464787699085172,0.030929575398170345,0.015464787699085172
667.227226,0.015405089222194426,0.030810178444388853,0.015405089222194426,0.030810178444388853,0.015405089222194426,0.015405089222194426,0.030810178444388853,0.015405089222194426
667.726046,0.015346126590842783,0.030692253181685565,0.015346126590842783,0.030692253181685565,0.015346126590842783,0.015346126590842783,0.030692253181685565,0.015346126590842783
668.226194,0.015287458412189231,0.030574916824378462,0.015287458412189231,0.030574916824378462,0.015287458412189231,0.015287458412189231,0.030574916824378462,0.015287458412189231
668.727185,0.01522913934384568,0.03045827868769136,0.01522913934384568,0.03045827868769136,0.01522913934384568,0.01522913934384568,0.03045827868769136,0.01522913934384568
669.226206,0.015171490257407537,0.030342980514815075,0.015171490257407537,0.030342980514815075,0.015171490257407537,0.015171490257407537,0.030342980514815075,0.015171490257407537
669.727115,0.015114060334497576,0.03022812066899515,0.015114060334497576,0.03022812066899515,0.015114060334497576,0.015114060334497576,0.03022812066899515,0.015114060334497576
670.22612,0.015057279396552417,0.030114558793104835,0.015057279396552417,0.030114558793104835,0.015057279396552417,0.015057279396552417,0.030114558793104835,0.015057279396552417
670.725593,0.015000870838054323,0.030001741676108647,0.015000870838054323,0.030001741676108647,0.015000870838054323,0.015000870838054323,0.030001741676108647,0.015000870838054323
671.225941,0.014944785630164178,0.029889571260328356,0.014944785630164178,0.029889571260328356,0.014944785630164178,0.014944785630164178,0.029889571260328356,0.014944785630164178
671.728097,0.014888917841216785,0.02977783568243357,0.014888917841216785,0.02977783568243357,0.014888917841216785,0.014888917841216785,0.02977783568243357,0.014888917841216785
672.226465,0.014833882947238884,0.02966776589447777,0.014833882947238884,0.02966776589447777,0.014833882947238884,0.014833882947238884,0.02966776589447777,0.014833882947238884
672.727236,0.014778990978578772,0.029557981957157545,0.014778990978578772,0.029557981957157545,0.014778990978578772,0.014778990978578772,0.029557981957157545,0.014778990978578772
673.226087,0.01472471190309708,0.02944942380619416,0.01472471190309708,0.02944942380619416,0.01472471190309708,0.01472471190309708,0.02944942380619416,0.01472471190309708
673.726425,0.014670670048011605,0.02934134009602321,0.014670670048011605,0.02934134009602321,0.014670670048011605,0.014670670048011605,0.02934134009602321,0.014670670048011605
674.226302,0.014617072673644276,0.02923414534728855,0.014617072673644276,0.02923414534728855,0.014617072673644276,0.014617072673644276,0.02923414534728855,0.014617072673644276
674.726184,0.014563864965475192,0.029127729930950384,0.014563864965475192,0.029127729930950384,0.014563864965475192,0.014563864965475192,0.029127729930950384,0.014563864965475192
675.227479,0.01451089444942978,0.02902178889885956,0.01451089444942978,0.02902178889885956,0.01451089444942978,0.01451089444942978,0.02902178889885956,0.01451089444942978
675.726364,0.014458559757993782,0.028917119515987563,0.014458559757993782,0.028917119515987563,0.014458559757993782,0.014458559757993782,0.028917119515987563,0.014458559757993782
676.226461,0.014406475434103302,0.028812950868206604,0.014406475434103302,0.028812950868206604,0.014406475434103302,0.014406475434103302,0.028812950868206604,0.014406475434103302
676.726934,0.014354726272810965,0.02870945254562193,0.014354726272810965,0.02870945254562193,0.014354726272810965,0.014354726272810965,0.02870945254562193,0.014354726272810965
677.226915,0.014303397883018446,0.02860679576603689,0.014303397883018446,0.02860679576603689,0.014303397883018446,0.014303397883018446,0.02860679576603689,0.014303397883018446
677.726304,0.01425249538390179,0.02850499076780358,0.01425249538390179,0.02850499076780358,0.01425249538390179,0.01425249538390179,0.02850499076780358,0.01425249538390179
678.227021,0.014201819976011557,0.028403639952023114,0.014201819976011557,0.028403639952023114,0.014201819976011557,0.014201819976011557,0.028403639952023114,0.014201819976011557
678.726846,0.014151592967694186,0.028303185935388372,0.014151592967694186,0.028303185935388372,0.014151592967694186,0.014151592967694186,0.028303185935388372,0.014151592967694186
679.227207,0.014101666685151597,0.028203333370303195,0.014101666685151597,0.028203333370303195,0.014101666685151597,0.014101666685151597,0.028203333370303195,0.014101666685151597
679.726532,0.01405219372590347,0.02810438745180694,0.01405219372590347,0.02810438745180694,0.01405219372590347,0.01405219372590347,0.02810438745180694,0.01405219372590347
680.226761,0.014002978055351962,0.028005956110703924,0.014002978055351962,0.028005956110703924,0.014002978055351962,0.014002978055351962,0.028005956110703924,0.014002978055351962
680.727702,0.013954036603475295,0.02790807320695059,0.013954036603475295,0.02790807320695059,0.013954036603475295,0.013954036603475295,0.02790807320695059,0.013954036603475295
681.22577,0.013905713836957032,0.027811427673914063,0.013905713836957032,0.027811427673914063,0.013905713836957032,0.013905713836957032,0.027811427673914063,0.013905713836957032
681.727377,0.013857384798173108,0.027714769596346216,0.013857384798173108,0.027714769596346216,0.013857384798173108,0.013857384798173108,0.027714769596346216,0.013857384798173108
682.226772,0.013809601445787937,0.027619202891575875,0.013809601445787937,0.027619202891575875,0.013809601445787937,0.013809601445787937,0.027619202891575875,0.013809601445787937
682.726254,0.013762138257551173,0.027524276515102346,0.013762138257551173,0.027524276515102346,0.013762138257551173,0.013762138257551173,0.027524276515102346,0.013762138257551173
683.227286,0.013714854434032319,0.027429708868064638,0.013714854434032319,0.027429708868064638,0.013714854434032319,0.013714854434032319,0.027429708868064638,0.013714854434032319
683.726154,0.01366809654547471,0.02733619309094942,0.01366809654547471,0.02733619309094942,0.01366809654547471,0.01366809654547471,0.02733619309094942,0.01366809654547471
684.225608,0.01362160203007639,0.02724320406015278,0.01362160203007639,0.02724320406015278,0.01362160203007639,0.01362160203007639,0.02724320406015278,0.01362160203007639
684.725436,0.013575388298867824,0.027150776597735647,0.013575388298867824,0.027150776597735647,0.013575388298867824,0.013575388298867824,0.027150776597735647,0.013575388298867824
685.226006,0.0135294191740525,0.027058838348105,0.0135294191740525,0.027058838348105,0.0135294191740525,0.0135294191740525,0.027058838348105,0.0135294191740525
685.72603,0.013483809955676688,0.026967619911353376,0.013483809955676688,0.026967619911353376,0.013483809955676688,0.013483809955676688,0.026967619911353376,0.013483809955676688
686.225876,0.013438523284754596,0.02687704656950919,0.013438523284754596,0.02687704656950919,0.013438523284754596,0.013438523284754596,0.02687704656950919,0.013438523284754596
686.725479,0.013393561590383383,0.026787123180766766,0.013393561590383383,0.026787123180766766,0.013393561590383383,0.013393561590383383,0.026787123180766766,0.013393561590383383
687.226319,0.013348789540774874,0.02669757908154975,0.013348789540774874,0.02669757908154975,0.013348789540774874,0.013348789540774874,0.02669757908154975,0.013348789540774874
687.725961,0.013304421848997858,0.026608843697995717,0.013304421848997858,0.026608843697995717,0.013304421848997858,0.013304421848997858,0.026608843697995717,0.013304421848997858
688.225489,0.013260358134824275,0.02652071626964855,0.013260358134824275,0.02652071626964855,0.013260358134824275,0.013260358134824275,0.02652071626964855,0.013260358134824275
688.725934,0.013216505242254107,0.026433010484508215,0.013216505242254107,0.026433010484508215,0.013216505242254107,0.013216505242254107,0.026433010484508215,0.013216505242254107
689.227139,0.01317287550284406,0.02634575100568812,0.01317287550284406,0.02634575100568812,0.01317287550284406,0.01317287550284406,0.02634575100568812,0.01317287550284406
689.726404,0.013129700087976866,0.026259400175953733,0.013129700087976866,0.026259400175953733,0.013129700087976866,0.013129700087976866,0.026259400175953733,0.013129700087976866
690.22697,0.013086695365353373,0.026173390730706746,0.013086695365353373,0.026173390730706746,0.013086695365353373,0.013086695365353373,0.026173390730706746,0.013086695365353373
690.726856,0.013044029286037142,0.026088058572074285,0.013044029286037142,0.026088058572074285,0.013044029286037142,0.013044029286037142,0.026088058572074285,0.013044029286037142
691.225673,0.013001730861921855,0.02600346172384371,0.013001730861921855,0.02600346172384371,0.013001730861921855,0.013001730861921855,0.02600346172384371,0.013001730861921855
691.727108,0.012959486028857608,0.025918972057715216,0.012959486028857608,0.025918972057715216,0.012959486028857608,0.012959486028857608,0.025918972057715216,0.012959486028857608
692.227059,0.012917638640930323,0.025835277281860646,0.012917638640930323,0.025835277281860646,0.012917638640930323,0.012917638640930323,0.025835277281860646,0.012917638640930323
692.725456,0.01287618946375409,0.02575237892750818,0.01287618946375409,0.02575237892750818,0.01287618946375409,0.01287618946375409,0.02575237892750818,0.01287618946375409
693.227071,0.012834740377042698,0.025669480754085396,0.012834740377042698,0.025669480754085396,0.012834740377042698,0.012834740377042698,0.025669480754085396,0.012834740377042698
693.725877,0.012793787173188225,0.02558757434637645,0.012793787173188225,0.02558757434637645,0.012793787173188225,0.012793787173188225,0.02558757434637645,0.012793787173188225
694.226318,0.012752961527796628,0.025505923055593255,0.012752961527796628,0.025505923055593255,0.012752961527796628,0.012752961527796628,0.025505923055593255,0.012752961527796628
694.726373,0.01271242679699989,0.02542485359399978,0.01271242679699989,0.02542485359399978,0.01271242679699989,0.01271242679699989,0.02542485359399978,0.01271242679699989
695.226706,0.012672126604479722,0.025344253208959444,0.012672126604479722,0.025344253208959444,0.012672126604479722,0.012672126604479722,0.025344253208959444,0.012672126604479722
695.727386,0.012632053433889191,0.025264106867778382,0.012632053433889191,0.025264106867778382,0.012632053433889191,0.012632053433889191,0.025264106867778382,0.012632053433889191
696.225929,0.012592402340048648,0.025184804680097296,0.012592402340048648,0.025184804680097296,0.012592402340048648,0.012592402340048648,0.025184804680097296,0.012592402340048648
696.725561,0.012552913590556885,0.02510582718111377,0.012552913590556885,0.02510582718111377,0.012552913590556885,0.012552913590556885,0.02510582718111377,0.012552913590556885
697.226947,0.012513534404182793,0.025027068808365586,0.012513534404182793,0.025027068808365586,0.012513534404182793,0.012513534404182793,0.025027068808365586,0.012513534404182793
697.72759,0.012474459324187436,0.02494891864837487,0.012474459324187436,0.02494891864837487,0.012474459324187436,0.012474459324187436,0.02494891864837487,0.012474459324187436
698.227138,0.01243571218683255,0.0248714243736651,0.01243571218683255,0.0248714243736651,0.01243571218683255,0.01243571218683255,0.0248714243736651,0.01243571218683255
698.727203,0.012397165281542749,0.024794330563085498,0.012397165281542749,0.024794330563085498,0.012397165281542749,0.012397165281542749,0.024794330563085498,0.012397165281542749
699.226847,0.012358888757191194,0.024717777514382387,0.012358888757191194,0.024717777514382387,0.012358888757191194,0.012358888757191194,0.024717777514382387,0.012358888757191194
699.727127,0.012320799591309219,0.024641599182618438,0.012320799591309219,0.024641599182618438,0.012320799591309219,0.012320799591309219,0.024641599182618438,0.012320799591309219
700.225654,0.012283076719593585,0.02456615343918717,0.012283076719593585,0.02456615343918717,0.012283076719593585,0.012283076719593585,0.02456615343918717,0.012283076719593585
700.725928,0.0122454531530352,0.0244909063060704,0.0122454531530352,0.0244909063060704,0.0122454531530352,0.0122454531530352,0.0244909063060704,0.0122454531530352
701.227267,0.012207980006161,0.024415960012322,0.012207980006161,0.024415960012322,0.012207980006161,0.012207980006161,0.024415960012322,0.012207980006161
701.928446,0.012155952655141468,0.024311905310282936,0.012155952655141468,0.024311905310282936,0.012155952655141468,0.012155952655141468,0.024311905310282936,0.012155952655141468
702.030398,0.012148424739883092,0.024296849479766184,0.012148424739883092,0.024296849479766184,0.012148424739883092,0.012148424739883092,0.024296849479766184,0.012148424739883092
702.278584,0.012130138138498323,0.024260276276996645,0.012130138138498323,0.024260276276996645,0.012130138138498323,0.012130138138498323,0.024260276276996645,0.012130138138498323
702.73251,0.01209683443383276,0.02419366886766552,0.01209683443383276,0.02419366886766552,0.01209683443383276,0.01209683443383276,0.02419366886766552,0.01209683443383276
703.233235,0.012060308658876487,0.024120617317752974,0.012060308658876487,0.024120617317752974,0.012060308658876487,0.012060308658876487,0.024120617317752974,0.012060308658876487
703.731377,0.012024189518974524,0.02404837903794905,0.012024189518974524,0.02404837903794905,0.012024189518974524,0.012024189518974524,0.02404837903794905,0.012024189518974524
704.231715,0.011988128276449113,0.023976256552898225,0.011988128276449113,0.023976256552898225,0.011988128276449113,0.011988128276449113,0.023976256552898225,0.011988128276449113
704.731622,0.011952313472464874,0.023904626944929747,0.011952313472464874,0.023904626944929747,0.011952313472464874,0.011952313472464874,0.023904626944929747,0.011952313472464874
705.232184,0.011916665518694556,0.023833331037389112,0.011916665518694556,0.023833331037389112,0.011916665518694556,0.011916665518694556,0.023833331037389112,0.011916665518694556
705.732926,0.011881216869003985,0.02376243373800797,0.011881216869003985,0.02376243373800797,0.011881216869003985,0.011881216869003985,0.02376243373800797,0.011881216869003985
706.23164,0.011846120786364453,0.023692241572728905,0.011846120786364453,0.023692241572728905,0.011846120786364453,0.011846120786364453,0.023692241572728905,0.011846120786364453
706.731319,0.011811164123749605,0.02362232824749921,0.011811164123749605,0.02362232824749921,0.011811164123749605,0.011811164123749605,0.02362232824749921,0.011811164123749605
707.232072,0.011776338688254357,0.023552677376508714,0.011776338688254357,0.023552677376508714,0.011776338688254357,0.011776338688254357,0.023552677376508714,0.011776338688254357
707.732371,0.011741749311996605,0.02348349862399321,0.011741749311996605,0.02348349862399321,0.011741749311996605,0.011741749311996605,0.02348349862399321,0.011741749311996605
708.231522,0.011707441206313196,0.023414882412626393,0.011707441206313196,0.023414882412626393,0.011707441206313196,0.011707441206313196,0.023414882412626393,0.011707441206313196
708.731637,0.011673267325403539,0.023346534650807077,0.011673267325403539,0.023346534650807077,0.011673267325403539,0.011673267325403539,0.023346534650807077,0.011673267325403539
709.231248,0.011639326509460021,0.023278653018920042,0.011639326509460021,0.023278653018920042,0.011639326509460021,0.011639326509460021,0.023278653018920042,0.011639326509460021
709.732006,0.011605505247817983,0.023211010495635967,0.011605505247817983,0.023211010495635967,0.011605505247817983,0.011605505247817983,0.023211010495635967,0.011605505247817983
710.231765,0.01157194685826416,0.02314389371652832,0.01157194685826416,0.02314389371652832,0.01157194685826416,0.01157194685826416,0.02314389371652832,0.01157194685826416
710.733753,0.011538433602138643,0.023076867204277287,0.011538433602138643,0.023076867204277287,0.011538433602138643,0.011538433602138643,0.023076867204277287,0.011538433602138643
711.23272,0.011505313844252107,0.023010627688504214,0.011505313844252107,0.023010627688504214,0.011505313844252107,0.011505313844252107,0.023010627688504214,0.011505313844252107
711.731672,0.011472384662266072,0.022944769324532144,0.011472384662266072,0.022944769324532144,0.011472384662266072,0.011472384662266072,0.022944769324532144,0.011472384662266072
712.231288,0.011439599987388986,0.022879199974777973,0.011439599987388986,0.022879199974777973,0.011439599987388986,0.011439599987388986,0.022879199974777973,0.011439599987388986
712.732451,0.011406901509635544,0.02281380301927109,0.011406901509635544,0.02281380301927109,0.011406901509635544,0.011406901509635544,0.02281380301927109,0.011406901509635544
713.232312,0.011374473651918994,0.022748947303837988,0.011374473651918994,0.022748947303837988,0.011374473651918994,0.011374473651918994,0.022748947303837988,0.011374473651918994
713.732491,0.011342209190477551,0.022684418380955102,0.011342209190477551,0.022684418380955102,0.011342209190477551,0.011342209190477551,0.022684418380955102,0.011342209190477551
714.232819,0.011310117721982368,0.022620235443964735,0.011310117721982368,0.022620235443964735,0.011310117721982368,0.011310117721982368,0.022620235443964735,0.011310117721982368
714.7313,0.011278324807859636,0.022556649615719272,0.011278324807859636,0.022556649615719272,0.011278324807859636,0.011278324807859636,0.022556649615719272,0.011278324807859636
715.232845,0.011246516356413236,0.02249303271282647,0.011246516356413236,0.02249303271282647,0.011246516356413236,0.011246516356413236,0.02249303271282647,0.011246516356413236
715.732146,0.011215027940055184,0.022430055880110367,0.011215027940055184,0.022430055880110367,0.011215027940055184,0.011215027940055184,0.022430055880110367,0.011215027940055184
716.232817,0.0111836296802281,0.0223672593604562,0.0111836296802281,0.0223672593604562,0.0111836296802281,0.0111836296802281,0.0223672593604562,0.0111836296802281
716.731694,0.011152518304990753,0.022305036609981507,0.011152518304990753,0.022305036609981507,0.011152518304990753,0.011152518304990753,0.022305036609981507,0.011152518304990753
717.231755,0.011121506321283467,0.022243012642566933,0.011121506321283467,0.022243012642566933,0.011121506321283467,0.011121506321283467,0.022243012642566933,0.011121506321283467
717.731547,0.011090682874250505,0.02218136574850101,0.011090682874250505,0.02218136574850101,0.011090682874250505,0.011090682874250505,0.02218136574850101,0.011090682874250505
718.231277,0.01106003360248349,0.02212006720496698,0.01106003360248349,0.02212006720496698,0.01106003360248349,0.01106003360248349,0.02212006720496698,0.01106003360248349
718.732754,0.011029447002167075,0.02205889400433415,0.011029447002167075,0.02205889400433415,0.011029447002167075,0.011029447002167075,0.02205889400433415,0.011029447002167075
719.231261,0.010999208766417782,0.021998417532835563,0.010999208766417782,0.021998417532835563,0.010999208766417782,0.010999208766417782,0.021998417532835563,0.010999208766417782
719.733298,0.010968923515001632,0.021937847030003264,0.010968923515001632,0.021937847030003264,0.010968923515001632,0.010968923515001632,0.021937847030003264,0.010968923515001632
720.233149,0.010938935367787159,0.021877870735574317,0.010938935367787159,0.021877870735574317,0.010938935367787159,0.010938935367787159,0.021877870735574317,0.010938935367787159
720.731651,0.010909191015794644,0.021818382031589287,0.010909191015794644,0.021818382031589287,0.010909191015794644,0.010909191015794644,0.021818382031589287,0.010909191015794644
721.233146,0.010879430850843402,0.021758861701686803,0.010879430850843402,0.021758861701686803,0.010879430850843402,0.010879430850843402,0.021758861701686803,0.010879430850843402
721.732836,0.010849938857339555,0.02169987771467911,0.010849938857339555,0.02169987771467911,0.010849938857339555,0.010849938857339555,0.02169987771467911,0.010849938857339555
722.231385,0.010820673123236074,0.021641346246472147,0.010820673123236074,0.021641346246472147,0.010820673123236074,0.010820673123236074,0.021641346246472147,0.010820673123236074
722.731774,0.010791457702228653,0.021582915404457306,0.010791457702228653,0.021582915404457306,0.010791457702228653,0.010791457702228653,0.021582915404457306,0.010791457702228653
723.231589,0.01076243286064782,0.02152486572129564,0.01076243286064782,0.02152486572129564,0.01076243286064782,0.01076243286064782,0.02152486572129564,0.01076243286064782
723.731964,0.010733531472893187,0.021467062945786375,0.010733531472893187,0.021467062945786375,0.010733531472893187,0.010733531472893187,0.021467062945786375,0.010733531472893187
724.234545,0.010704658498780295,0.02140931699756059,0.010704658498780295,0.02140931699756059,0.010704658498780295,0.010704658498780295,0.02140931699756059,0.010704658498780295
724.73163,0.010676253657751229,0.021352507315502457,0.010676253657751229,0.021352507315502457,0.010676253657751229,0.010676253657751229,0.021352507315502457,0.010676253657751229
725.233292,0.010647739698881494,0.02129547939776299,0.010647739698881494,0.02129547939776299,0.010647739698881494,0.010647739698881494,0.02129547939776299,0.010647739698881494
725.731439,0.010619575842565508,0.021239151685131016,0.010619575842565508,0.021239151685131016,0.010619575842565508,0.010619575842565508,0.021239151685131016,0.010619575842565508
726.233168,0.010591359670457894,0.021182719340915788,0.010591359670457894,0.021182719340915788,0.010591359670457894,0.010591359670457894,0.021182719340915788,0.010591359670457894
726.732193,0.010563443904122524,0.021126887808245048,0.010563443904122524,0.021126887808245048,0.010563443904122524,0.010563443904122524,0.021126887808245048,0.010563443904122524
727.232163,0.010535622459298425,0.02107124491859685,0.010535622459298425,0.02107124491859685,0.010535622459298425,0.010535622459298425,0.02107124491859685,0.010535622459298425
727.732361,0.010507934591322597,0.021015869182645194,0.010507934591322597,0.021015869182645194,0.010507934591322597,0.010507934591322597,0.021015869182645194,0.010507934591322597
728.232684,0.01048038500574671,0.02096077001149342,0.01048038500574671,0.02096077001149342,0.01048038500574671,0.01048038500574671,0.02096077001149342,0.01048038500574671
728.731909,0.010453039487522178,0.020906078975044356,0.010453039487522178,0.020906078975044356,0.010453039487522178,0.010453039487522178,0.020906078975044356,0.010453039487522178
729.232519,0.010425761025428642,0.020851522050857284,0.010425761025428642,0.020851522050857284,0.010425761025428642,0.010425761025428642,0.020851522050857284,0.010425761025428642
729.731365,0.010398719938373026,0.02079743987674605,0.010398719938373026,0.02079743987674605,0.010398719938373026,0.010398719938373026,0.02079743987674605,0.010398719938373026
730.231865,0.010371729796836223,0.020743459593672447,0.010371729796836223,0.020743459593672447,0.010371729796836223,0.010371729796836223,0.020743459593672447,0.010371729796836223
730.731836,0.010344907705733469,0.020689815411466937,0.010344907705733469,0.020689815411466937,0.010344907705733469,0.010344907705733469,0.020689815411466937,0.010344907705733469
731.231411,0.010318245065037472,0.020636490130074944,0.010318245065037472,0.020636490130074944,0.010318245065037472,0.010318245065037472,0.020636490130074944,0.010318245065037472
731.731921,0.010291669992805758,0.020583339985611515,0.010291669992805758,0.020583339985611515,0.010291669992805758,0.010291669992805758,0.020583339985611515,0.010291669992805758
732.232971,0.010265203008170519,0.020530406016341037,0.010265203008170519,0.020530406016341037,0.010265203008170519,0.010265203008170519,0.020530406016341037,0.010265203008170519
732.732597,0.010238946446813479,0.020477892893626958,0.010238946446813479,0.020477892893626958,0.010238946446813479,0.010238946446813479,0.020477892893626958,0.010238946446813479
733.233778,0.01021274276800195,0.0204254855360039,0.01021274276800195,0.0204254855360039,0.01021274276800195,0.01021274276800195,0.0204254855360039,0.01021274276800195
733.732753,0.010186787326310245,0.02037357465262049,0.010186787326310245,0.02037357465262049,0.010186787326310245,0.010186787326310245,0.02037357465262049,0.010186787326310245